source_name,strategy,size_bytes,tree_build_compression_ms,tree_build_decompression_ms
xml,BINARY_HEAP,5345280,5.000000,4.000000
xml,DICHOTOMIC_LIST,5345280,13.000000,6.000000
xml,FIBONACCI_HEAP,5345280,104.000000,19.000000
ooffice,BINARY_HEAP,6152192,77.000000,0.000000
ooffice,DICHOTOMIC_LIST,6152192,636.000000,0.000000
ooffice,FIBONACCI_HEAP,6152192,362.000000,2.000000
reymont,BINARY_HEAP,6627202,7.000000,1.000000
reymont,DICHOTOMIC_LIST,6627202,42.000000,1.000000
reymont,FIBONACCI_HEAP,6627202,32.000000,4.000000
sao,BINARY_HEAP,7251944,29.000000,14.000000
sao,DICHOTOMIC_LIST,7251944,654.000000,326.000000
sao,FIBONACCI_HEAP,7251944,144.000000,72.000000
x-ray,BINARY_HEAP,8474240,2.000000,1.000000
x-ray,DICHOTOMIC_LIST,8474240,4.000000,2.000000
x-ray,FIBONACCI_HEAP,8474240,11.000000,5.000000
mr,BINARY_HEAP,9970564,0.000000,0.000000
mr,DICHOTOMIC_LIST,9970564,1.000000,0.000000
mr,FIBONACCI_HEAP,9970564,4.000000,2.000000
osdb,BINARY_HEAP,10085684,28.000000,14.000000
osdb,DICHOTOMIC_LIST,10085684,726.000000,362.000000
osdb,FIBONACCI_HEAP,10085684,127.000000,63.000000
dickens,BINARY_HEAP,10192446,0.000000,0.000000
dickens,DICHOTOMIC_LIST,10192446,1.000000,0.000000
dickens,FIBONACCI_HEAP,10192446,4.000000,2.000000
samba,BINARY_HEAP,21606400,79.000000,11.000000
samba,DICHOTOMIC_LIST,21606400,1434.000000,29.000000
samba,FIBONACCI_HEAP,21606400,367.000000,61.000000
nci,BINARY_HEAP,33553445,0.000000,0.000000
nci,DICHOTOMIC_LIST,33553445,0.000000,0.000000
nci,FIBONACCI_HEAP,33553445,1.000000,0.000000
webster,BINARY_HEAP,41458703,2.000000,0.000000
webster,DICHOTOMIC_LIST,41458703,4.000000,1.000000
webster,FIBONACCI_HEAP,41458703,12.000000,3.000000
mozilla,BINARY_HEAP,51220480,72.000000,19.000000
mozilla,DICHOTOMIC_LIST,51220480,1513.000000,383.000000
mozilla,FIBONACCI_HEAP,51220480,375.000000,90.000000

source_name,mode,size_bytes,compression_percentage,compression_ms,decompression_ms
xml,HUFFMAN_1_BYTE,5345280,30.555294,209.519750,110.460417
xml,HUFFMAN_2_BYTE,5345280,42.739726,198.941334,95.296417
xml,HUFFMAN_BLOCK_1_BYTE,5345280,36.914025,153.961750,76.420000
xml,HUFFMAN_BLOCK_2_BYTE,5345280,47.051249,159.625833,94.989875
ooffice,HUFFMAN_1_BYTE,6152192,16.671440,381.847459,142.736584
ooffice,HUFFMAN_2_BYTE,6152192,18.621623,452.200209,228.166792
ooffice,HUFFMAN_BLOCK_1_BYTE,6152192,18.711981,206.752541,146.482750
ooffice,HUFFMAN_BLOCK_2_BYTE,6152192,18.621542,355.290084,221.153208
reymont,HUFFMAN_1_BYTE,6627202,39.135460,206.549334,85.209500
reymont,HUFFMAN_2_BYTE,6627202,49.785445,205.215791,120.670250
reymont,HUFFMAN_BLOCK_1_BYTE,6627202,39.469432,148.771500,87.353167
reymont,HUFFMAN_BLOCK_2_BYTE,6627202,49.824013,191.773583,107.688125
sao,HUFFMAN_1_BYTE,7251944,5.603394,368.835584,207.788458
sao,HUFFMAN_2_BYTE,7251944,12.316311,415.426875,314.724375
sao,HUFFMAN_BLOCK_1_BYTE,7251944,5.949715,230.875333,211.295708
sao,HUFFMAN_BLOCK_2_BYTE,7251944,12.316242,411.902541,308.072416
x-ray,HUFFMAN_1_BYTE,8474240,17.117629,325.111167,219.297500
x-ray,HUFFMAN_2_BYTE,8474240,29.386140,336.779791,258.606083
x-ray,HUFFMAN_BLOCK_1_BYTE,8474240,19.209923,221.557209,225.493542
x-ray,HUFFMAN_BLOCK_2_BYTE,8474240,29.839608,337.686542,255.900583
mr,HUFFMAN_1_BYTE,9970564,53.611491,324.921292,135.495625
mr,HUFFMAN_2_BYTE,9970564,60.978095,314.547625,143.208584
mr,HUFFMAN_BLOCK_1_BYTE,9970564,53.699891,235.400500,137.409125
mr,HUFFMAN_BLOCK_2_BYTE,9970564,61.019056,304.795541,142.312167
osdb,HUFFMAN_1_BYTE,10085684,17.266940,446.424334,253.349791
osdb,HUFFMAN_2_BYTE,10085684,21.562633,533.079625,385.999708
osdb,HUFFMAN_BLOCK_1_BYTE,10085684,17.266890,274.517417,252.807833
osdb,HUFFMAN_BLOCK_2_BYTE,10085684,21.562583,527.467958,381.546125
dickens,HUFFMAN_1_BYTE,10192446,42.831799,328.115000,158.402208
dickens,HUFFMAN_2_BYTE,10192446,49.374782,323.362792,212.617209
dickens,HUFFMAN_BLOCK_1_BYTE,10192446,42.873693,251.679166,160.369500
dickens,HUFFMAN_BLOCK_2_BYTE,10192446,49.374733,314.594250,209.074709
samba,HUFFMAN_1_BYTE,21606400,23.407578,874.829167,353.767583
samba,HUFFMAN_2_BYTE,21606400,32.429414,935.639542,524.426083
samba,HUFFMAN_BLOCK_1_BYTE,21606400,32.416090,539.187833,342.931292
samba,HUFFMAN_BLOCK_2_BYTE,21606400,35.747681,876.579584,422.505541
nci,HUFFMAN_1_BYTE,33553445,69.527779,903.205583,228.003916
nci,HUFFMAN_2_BYTE,33553445,72.364665,891.500292,266.771959
nci,HUFFMAN_BLOCK_1_BYTE,33553445,69.527353,675.557792,227.931208
nci,HUFFMAN_BLOCK_2_BYTE,33553445,72.346053,873.076375,261.802959
webster,HUFFMAN_1_BYTE,41458703,37.456367,1329.594458,618.827166
webster,HUFFMAN_2_BYTE,41458703,47.300966,1325.376750,842.749750
webster,HUFFMAN_BLOCK_1_BYTE,41458703,37.541736,976.601375,628.696375
webster,HUFFMAN_BLOCK_2_BYTE,41458703,47.243907,1289.939959,813.144875
mozilla,HUFFMAN_1_BYTE,51220480,21.946876,2221.080792,1026.370417
mozilla,HUFFMAN_2_BYTE,51220480,35.223577,2404.791792,1322.312333
mozilla,HUFFMAN_BLOCK_1_BYTE,51220480,26.565967,1457.144416,1028.049334
mozilla,HUFFMAN_BLOCK_2_BYTE,51220480,33.447664,2318.960458,1382.725125
